Channel,TotalAdSpend,NewCustomers,AvgProjectedLTV,CAC,LTV_to_CAC
Organic,36536.09,1491,1043.2414151576122,24.50441985244802,42.5736018824127
Paid Social,297971.76,2012,1041.3047365805169,148.09729622266403,7.031220441829789
Search,156350.25,1003,1040.8832103688933,155.88260219341973,6.677353314113665
Influencer,522821.83,494,654.6412145748988,1058.3437854251013,0.6185525191249187
